,PC1,PC2,PC3,PC4,PC5,PC6
poverty_incidence,0.5051853551091174,0.1927955704870146,-0.011214450646864707,-0.3989717949272278,-0.21766329229063797,0.7077683654433117
poverty_intensity,0.39355377147937554,-0.3706670703511124,0.5527763463453449,0.36868942357490175,0.4817417817461893,0.18480429512537955
illiteracy_rate,0.4839076575235848,0.21417510767493506,-0.29722861236196396,-0.3598444381191901,0.5549564010297157,-0.440627878766969
uninsured_rate,0.043094560675899285,0.657899300765316,0.6776855853705948,-0.03916128746736269,-0.17150772493271116,-0.27405311551937983
unemployment_rate,0.37795662673468233,-0.5307989825010259,0.1636131867571612,-0.2532190567690421,-0.5450367451436633,-0.4329515092185043
dependency_ratio,0.45937807095589844,0.2549230559182999,-0.346324517629409,0.7139664550972495,-0.293412655822751,-0.09058844503454813
