shift,circular_null_r2
1,-0.47955908189002305
2,0.04489597802528911
3,-0.4508700305624489
4,0.39875847046713364
5,0.3074652590426783
6,-0.12129758323489637
7,0.18784591456937572
8,-0.044739115324432976
9,0.10125074893511832
10,-0.18525182981741106
11,-0.15048322822627647
12,-0.15473619802164862
13,-0.08758192810529875
14,0.360612340677562
15,0.041933750907362954
16,0.013768415698382053
17,-0.33431342285751486
